topic,method,samples,ratio_mean,ratio_std,ratio_p_value,time_mean_usec,time_std_usec,time_p_value,decompress_mean_usec,decompress_std_usec,decompress_p_value,uncompressed_MB_mean,compressed_MB_mean
/os_cloud_node/points_decim_1,ZSTD only,238,0.434865,0.0141441,2.40538e-16,15165.7,670.9,2.69783e-20,5258.27,104.351,5.05626e-24,6,2.60919
/os_cloud_node/points_decim_1,LZ4 only,238,0.547176,0.0163109,4.33466e-10,25705.3,5444.32,9.72511e-34,2433.79,279.661,5.9666e-57,6,3.28306
/os_cloud_node/points_decim_1,Cloudini 0p0001,238,0.299412,0.0126851,6.50375e-27,4733.95,201.292,0.0427548,5230.91,157.314,0.0012286,6,1.79647
/os_cloud_node/points_decim_1,Cloudini 0p001,238,0.273848,0.00839887,3.03589e-48,4586.74,133.934,0,5122.32,80.0302,8.63797e-15,6,1.64309
/os_cloud_node/points_decim_1,Cloudini 0p01,238,0.261188,0.00784251,6.14989e-44,4072.32,208.171,0,4782.8,108.031,1.16669e-07,6,1.56713
/os_cloud_node/points_decim_1,Cloudini 0p1,238,0.253201,0.00826836,3.02678e-50,4315.26,113.489,0,4915.93,69.0491,1.26606e-09,6,1.5192
/os_cloud_node/points_decim_1,Cloudini 0p2,238,0.249123,0.00879751,3.28709e-50,4337.66,136.199,0,4930.73,78.7438,9.39642e-22,6,1.49474
/os_cloud_node/points_decim_1,Cloudini 0p5,238,0.243254,0.00886436,3.93349e-46,4031.21,212.362,3.49553e-27,4758.24,143.5,1.32809e-35,6,1.45952
/os_cloud_node/points_decim_1,Cloudini-LZ4 0p0001,238,0.283465,0.014821,8.66731e-29,5530.36,238.679,0,7925.07,175.928,0,6,1.70079
/os_cloud_node/points_decim_1,Cloudini-ZSTD 0p0001,238,0.249115,0.0128456,1.37828e-21,5965.06,214.505,2.59472e-84,7139.41,222.059,0.000472355,6,1.49469
/os_cloud_node/points_decim_1,Cloudini-ZSTD 0p001,238,0.214933,0.0117982,1.21362e-27,5747.89,120.478,3.56452e-85,6840.21,125.437,1.63174e-05,6,1.2896
/os_cloud_node/points_decim_1,Cloudini-ZSTD 0p01,238,0.187414,0.0119177,2.10538e-24,5944.13,326.835,0.0247435,6622.62,149.935,1.49903e-216,6,1.12448
/os_cloud_node/points_decim_1,Cloudini-ZSTD 0p1,238,0.166325,0.0111445,1.51395e-30,6833.18,111,3.80707e-06,6966.85,142.462,0,6,0.997949
/os_cloud_node/points_decim_1,Cloudini-ZSTD 0p2,238,0.163466,0.0108474,4.05653e-31,6702.18,153.12,0,6911.24,99.135,0.0183018,6,0.980797
/os_cloud_node/points_decim_1,Cloudini-ZSTD 0p5,238,0.159995,0.0106163,9.34319e-32,6307.63,166.848,3.6285e-22,6633.9,197.187,0,6,0.95997
/os_cloud_node/points_decim_1,Draco 16,238,0.278584,0.0115302,3.63241e-10,45688.1,869.155,0.0325514,23058.1,564.442,0.0566331,6,1.6715
/os_cloud_node/points_decim_1,Draco 16 + ZSTD,238,0.259623,0.0101369,8.1395e-09,50700.6,1017.24,6.87457e-09,24272.9,606.973,0.394267,6,1.55774
/os_cloud_node/points_decim_1,Draco 14,238,0.241116,0.00869322,1.13204e-09,45883.8,765.274,0.0229019,22654.6,527.581,8.28013e-06,6,1.4467
/os_cloud_node/points_decim_1,Draco 14 + ZSTD,238,0.225475,0.00834244,2.98522e-06,50226.9,921.584,5.29321e-10,23679.4,560.675,0.000141868,6,1.35285
/os_cloud_node/points_decim_1,Draco 12,238,0.211133,0.00720309,0.992372,46169.6,817.076,3.9941e-06,22478.5,549.103,1.07441e-16,6,1.2668
/os_cloud_node/points_decim_1,Draco 12 + ZSTD,238,0.196985,0.00743801,0.891815,50300.7,1082.52,1.25442e-06,23331.1,578.54,1.34534e-13,6,1.18191
/os_cloud_node/points_decim_1,Draco 10,238,0.190556,0.00960723,1.3109e-26,46485.4,1345.02,9.44075e-30,22442.4,867.731,4.11452e-40,6,1.14334
/os_cloud_node/points_decim_1,Draco 10 + ZSTD,238,0.176245,0.00917701,3.40176e-23,50887.8,1615.4,2.53151e-26,23141.6,948.774,2.75715e-39,6,1.05747
/os_cloud_node/points_decim_1,Draco 8,238,0.18011,0.0126765,4.705e-36,46971.9,1476.37,2.29545e-21,22680.8,1073.2,1.93152e-33,6,1.08066
/os_cloud_node/points_decim_1,Draco 8 + ZSTD,238,0.163484,0.0107022,2.80684e-35,51387.6,1810.52,2.80739e-18,23411.7,1189.46,2.74279e-31,6,0.980902
/os_cloud_node/points_decim_1,Draco 6,238,0.176772,0.0139846,2.08011e-35,47064.9,1331.45,4.97253e-28,22740.8,1046.46,6.85879e-31,6,1.06063
/os_cloud_node/points_decim_1,Draco 6 + ZSTD,238,0.154879,0.0102444,1.27896e-42,51667.1,1984.06,4.13498e-24,23588.3,1130.16,3.66386e-30,6,0.929274
/os_cloud_node/points_decim_1,Draco sequential default quantization,238,0.4103,0.00709475,5.72381e-17,22725,910.553,4.1004e-08,10498.2,499.714,4.12719e-16,6,2.4618
/os_cloud_node/points_decim_1,voxel 0.010000,190,0.642421,0.0850734,0.00146869,6036.21,203.508,1.06233e-18,0,0,1,3.625,2.32878
/os_cloud_node/points_decim_1,voxel 0.020000,200,0.381645,0.071403,0.0759429,5408.45,285.583,0.449742,0,0,1,3.625,1.38346
/os_cloud_node/points_decim_1,voxel 0.050000,235,0.149795,0.0812427,1.26012e-25,4346.69,645.954,5.84307e-14,0,0,1,3.625,0.543006
/os_cloud_node/points_decim_1,voxel 0.100000,237,0.0513985,0.0325547,1.00265e-20,3584.71,482.498,3.42932e-20,0,0,1,3.625,0.186319
/os_cloud_node/points_decim_1,voxel 0.200000,238,0.0156235,0.0107181,5.66528e-20,3110.81,282.703,3.95151e-18,0,0,1,3.625,0.0566353
/os_cloud_node/points_decim_1,voxel 0.500000,238,0.00321935,0.00255291,6.51934e-37,2624.96,312.064,1.76084e-05,0,0,1,3.625,0.0116701
/os_cloud_node/points_decim_1,uniform 0.010000,238,0.68056,0.114237,0.930833,12441.6,1579.04,0.0851357,0,0,1,3.625,2.46703
/os_cloud_node/points_decim_1,uniform 0.020000,238,0.433129,0.140147,1.14296e-12,9488.87,1650.23,2.3515e-19,0,0,1,3.625,1.57009
/os_cloud_node/points_decim_1,uniform 0.050000,238,0.151511,0.0827034,2.75493e-23,6336.26,957.166,1.13058e-27,0,0,1,3.625,0.549228
/os_cloud_node/points_decim_1,uniform 0.100000,238,0.0517391,0.0329083,6.28803e-20,5182.44,393.307,6.73137e-16,0,0,1,3.625,0.187554
/os_cloud_node/points_decim_1,uniform 0.200000,238,0.0156235,0.0107181,5.66528e-20,4749.92,170.206,1.84458e-10,0,0,1,3.625,0.0566353
/os_cloud_node/points_decim_1,uniform 0.500000,238,0.00321935,0.00255291,6.51934e-37,4558.24,114.11,0.0321843,0,0,1,3.625,0.0116701
/os_cloud_node/points_decim_1,random 0.100000,238,0.0999985,0,1,1780.79,33.4241,0.00180509,0,0,1,3.625,0.362494
/os_cloud_node/points_decim_1,random 0.200000,238,0.199997,0,1,1921.66,38.2162,0.000687256,0,0,1,3.625,0.724989
/os_cloud_node/points_decim_1,random 0.300000,238,0.299995,0,1,2114.04,51.0203,0.000268638,0,0,1,3.625,1.08748
/os_cloud_node/points_decim_1,random 0.400000,238,0.399994,0,1,2313.66,58.4255,4.70196e-06,0,0,1,3.625,1.44998
/os_cloud_node/points_decim_1,random 0.600000,238,0.599998,0,1,2439.57,77.1897,0,0,0,1,3.625,2.17499
/os_cloud_node/points_decim_1,random 0.800000,238,0.799995,0,1,2323.42,70.7772,0.0433173,0,0,1,3.625,2.89998
