method,slam_method,Sequence,Compression,ATERMS,ATEMAX
cloudini,SPARK-FAST-LIO,maths_easy,NA,0.10,0.43
cloudini,SPARK-FAST-LIO,quad_easy,NA,0.07,0.18
cloudini,SPARK-FAST-LIO,colosseo,NA,3.18,7.30
cloudini,SPARK-FAST-LIO,pincio,NA,2.43,4.66
cloudini,SPARK-FAST-LIO,maths_easy,0.001,0.10,0.43
cloudini,SPARK-FAST-LIO,quad_easy,0.001,0.07,0.18
cloudini,SPARK-FAST-LIO,colosseo,0.001,3.19,7.36
cloudini,SPARK-FAST-LIO,pincio,0.001,2.29,4.38
cloudini,SPARK-FAST-LIO,maths_easy,0.01,0.10,0.43
cloudini,SPARK-FAST-LIO,quad_easy,0.01,0.07,0.18
cloudini,SPARK-FAST-LIO,colosseo,0.01,3.11,7.25
cloudini,SPARK-FAST-LIO,pincio,0.01,2.19,4.25
cloudini,SPARK-FAST-LIO,maths_easy,0.1,0.11,0.43
cloudini,SPARK-FAST-LIO,quad_easy,0.1,0.07,0.18
cloudini,SPARK-FAST-LIO,colosseo,0.1,2.54,6.00
cloudini,SPARK-FAST-LIO,pincio,0.1,2.13,4.19
cloudini,SPARK-FAST-LIO,maths_easy,0.2,0.11,0.41
cloudini,SPARK-FAST-LIO,quad_easy,0.2,0.07,0.18
cloudini,SPARK-FAST-LIO,colosseo,0.2,1.95,4.53
cloudini,SPARK-FAST-LIO,pincio,0.2,1.37,2.71
cloudini,SPARK-FAST-LIO,maths_easy,0.5,0.21,0.57
cloudini,SPARK-FAST-LIO,quad_easy,0.5,0.09,0.26
cloudini,SPARK-FAST-LIO,colosseo,0.5,2.52,6.71
cloudini,SPARK-FAST-LIO,pincio,0.5,0.45,0.75
cloudini,SPARK-FAST-LIO,underground_easy,NA,0.23,0.89
cloudini,SPARK-FAST-LIO,cloister,NA,0.06,0.16
cloudini,SPARK-FAST-LIO,campus,NA,1.36,3.27
cloudini,SPARK-FAST-LIO,spagna,NA,1.53,3.16
cloudini,SPARK-FAST-LIO,underground_easy,0.001,0.23,0.89
cloudini,SPARK-FAST-LIO,cloister,0.001,0.06,0.15
cloudini,SPARK-FAST-LIO,campus,0.001,1.32,3.11
cloudini,SPARK-FAST-LIO,spagna,0.001,1.50,3.13
cloudini,SPARK-FAST-LIO,underground_easy,0.01,0.23,0.89
cloudini,SPARK-FAST-LIO,cloister,0.01,0.06,0.16
cloudini,SPARK-FAST-LIO,campus,0.01,1.35,3.34
cloudini,SPARK-FAST-LIO,spagna,0.01,1.51,3.17
cloudini,SPARK-FAST-LIO,underground_easy,0.1,0.23,0.89
cloudini,SPARK-FAST-LIO,cloister,0.1,0.07,0.19
cloudini,SPARK-FAST-LIO,campus,0.1,1.32,2.92
cloudini,SPARK-FAST-LIO,spagna,0.1,1.59,3.26
cloudini,SPARK-FAST-LIO,underground_easy,0.2,0.23,0.89
cloudini,SPARK-FAST-LIO,cloister,0.2,0.10,0.39
cloudini,SPARK-FAST-LIO,campus,0.2,0.94,2.00
cloudini,SPARK-FAST-LIO,spagna,0.2,1.80,3.44
cloudini,SPARK-FAST-LIO,underground_easy,0.5,0.26,0.90
cloudini,SPARK-FAST-LIO,cloister,0.5,0.76,2.60
cloudini,SPARK-FAST-LIO,campus,0.5,8.93,16.28
cloudini,SPARK-FAST-LIO,spagna,0.5,1.80,3.44
cloudini,SPARK-FAST-LIO,stairs,NA,0.08,0.18
cloudini,SPARK-FAST-LIO,park,NA,0.29,0.56
cloudini,SPARK-FAST-LIO,diag,NA,0.74,1.54
cloudini,SPARK-FAST-LIO,ciampino,NA,4.94,11.54
cloudini,SPARK-FAST-LIO,stairs,0.001,0.10,0.24
cloudini,SPARK-FAST-LIO,park,0.001,0.30,0.58
cloudini,SPARK-FAST-LIO,diag,0.001,0.90,1.77
cloudini,SPARK-FAST-LIO,ciampino,0.001,5.09,12.03
cloudini,SPARK-FAST-LIO,stairs,0.01,0.12,0.25
cloudini,SPARK-FAST-LIO,park,0.01,0.29,0.57
cloudini,SPARK-FAST-LIO,diag,0.01,0.90,1.78
cloudini,SPARK-FAST-LIO,ciampino,0.01,5.04,13.35
cloudini,SPARK-FAST-LIO,stairs,0.1,0.10,0.23
cloudini,SPARK-FAST-LIO,park,0.1,0.30,0.56
cloudini,SPARK-FAST-LIO,diag,0.1,0.70,1.64
cloudini,SPARK-FAST-LIO,ciampino,0.1,4.93,12.61
cloudini,SPARK-FAST-LIO,stairs,0.2,448.24,2111.26
cloudini,SPARK-FAST-LIO,park,0.2,0.29,0.64
cloudini,SPARK-FAST-LIO,diag,0.2,0.56,1.24
cloudini,SPARK-FAST-LIO,ciampino,0.2,3.08,13.35
cloudini,SPARK-FAST-LIO,stairs,0.5,40.74,190.48
cloudini,SPARK-FAST-LIO,park,0.5,0.40,0.94
cloudini,SPARK-FAST-LIO,diag,0.5,5.15,9.80
cloudini,SPARK-FAST-LIO,ciampino,0.5,32.80,84.35
draco,SPARK-FAST-LIO,maths_easy,NA,0.10,0.43
draco,SPARK-FAST-LIO,quad_easy,NA,0.07,0.18
draco,SPARK-FAST-LIO,colosseo,NA,3.18,7.30
draco,SPARK-FAST-LIO,pincio,NA,2.43,4.66
draco,SPARK-FAST-LIO,maths_easy,14.00,0.15,0.42
draco,SPARK-FAST-LIO,quad_easy,14,0.08,0.18
draco,SPARK-FAST-LIO,colosseo,14,3.54,8.56
draco,SPARK-FAST-LIO,pincio,14,1.68,3.25
draco,SPARK-FAST-LIO,maths_easy,12.00,0.14,0.41
draco,SPARK-FAST-LIO,quad_easy,12,0.08,0.19
draco,SPARK-FAST-LIO,colosseo,12,3.50,8.19
draco,SPARK-FAST-LIO,pincio,12,1.60,3.12
draco,SPARK-FAST-LIO,maths_easy,10.00,0.17,0.44
draco,SPARK-FAST-LIO,quad_easy,10,0.08,0.20
draco,SPARK-FAST-LIO,colosseo,10,2.96,7.16
draco,SPARK-FAST-LIO,pincio,10,2.17,4.21
draco,SPARK-FAST-LIO,maths_easy,8.00,0.29,0.59
draco,SPARK-FAST-LIO,quad_easy,8,0.08,0.20
draco,SPARK-FAST-LIO,colosseo,8,3.11,6.59
draco,SPARK-FAST-LIO,pincio,8,0.38,0.99
draco,SPARK-FAST-LIO,maths_easy,6.00,0.99,2.56
draco,SPARK-FAST-LIO,quad_easy,6,0.24,1.48
draco,SPARK-FAST-LIO,colosseo,6,538335794.96,839309676.98
draco,SPARK-FAST-LIO,pincio,6,1.06,6.60
draco,SPARK-FAST-LIO,underground_easy,NA,0.23,0.89
draco,SPARK-FAST-LIO,cloister,NA,0.06,0.16
draco,SPARK-FAST-LIO,campus,NA,1.36,3.27
draco,SPARK-FAST-LIO,spagna,NA,1.53,3.16
draco,SPARK-FAST-LIO,underground_easy,14.00,0.23,0.89
draco,SPARK-FAST-LIO,cloister,14,0.14,0.55
draco,SPARK-FAST-LIO,campus,14,1.27,2.92
draco,SPARK-FAST-LIO,spagna,14,1.56,3.20
draco,SPARK-FAST-LIO,underground_easy,12.00,0.23,0.88
draco,SPARK-FAST-LIO,cloister,12,0.12,0.49
draco,SPARK-FAST-LIO,campus,12,1.32,2.88
draco,SPARK-FAST-LIO,spagna,12,1.48,3.15
draco,SPARK-FAST-LIO,underground_easy,10.00,0.23,0.88
draco,SPARK-FAST-LIO,cloister,10,0.14,0.58
draco,SPARK-FAST-LIO,campus,10,1.16,2.46
draco,SPARK-FAST-LIO,spagna,10,1.25,2.66
draco,SPARK-FAST-LIO,underground_easy,8.00,0.23,0.88
draco,SPARK-FAST-LIO,cloister,8,0.26,1.19
draco,SPARK-FAST-LIO,campus,8,0.99,2.45
draco,SPARK-FAST-LIO,spagna,8,0.98,1.83
draco,SPARK-FAST-LIO,underground_easy,6.00,0.25,1.00
draco,SPARK-FAST-LIO,cloister,6,3.04,16.56
draco,SPARK-FAST-LIO,campus,6,13.68,45.73
draco,SPARK-FAST-LIO,spagna,6,1.58,5.00
draco,SPARK-FAST-LIO,stairs,NA,0.08,0.18
draco,SPARK-FAST-LIO,park,NA,0.29,0.56
draco,SPARK-FAST-LIO,diag,NA,0.74,1.54
draco,SPARK-FAST-LIO,ciampino,NA,4.94,11.54
draco,SPARK-FAST-LIO,stairs,14.00,0.09,0.20
draco,SPARK-FAST-LIO,park,14,0.34,0.79
draco,SPARK-FAST-LIO,diag,14,0.73,1.67
draco,SPARK-FAST-LIO,ciampino,14,4.59,12.24
draco,SPARK-FAST-LIO,stairs,12.00,0.10,0.24
draco,SPARK-FAST-LIO,park,12,0.35,0.85
draco,SPARK-FAST-LIO,diag,12,0.73,1.59
draco,SPARK-FAST-LIO,ciampino,12,2.94,9.90
draco,SPARK-FAST-LIO,stairs,10.00,0.10,0.24
draco,SPARK-FAST-LIO,park,10,0.38,0.89
draco,SPARK-FAST-LIO,diag,10,0.60,1.21
draco,SPARK-FAST-LIO,ciampino,10,3.11,11.02
draco,SPARK-FAST-LIO,stairs,8.00,0.12,0.26
draco,SPARK-FAST-LIO,park,8,0.37,1.06
draco,SPARK-FAST-LIO,diag,8,0.45,1.14
draco,SPARK-FAST-LIO,ciampino,8,3.75,11.86
draco,SPARK-FAST-LIO,stairs,6.00,1.38,2.65
draco,SPARK-FAST-LIO,park,6,0.71,2.40
draco,SPARK-FAST-LIO,diag,6,121821.15,265429.07
draco,SPARK-FAST-LIO,ciampino,6,114.37,286.56
cloudini,LOAM,maths_easy,NA,0.09,0.19
cloudini,LOAM,quad_easy,NA,0.10,0.22
cloudini,LOAM,colosseo,NA,2.81,6.23
cloudini,LOAM,pincio,NA,1.32,2.61
cloudini,LOAM,maths_easy,0.001,0.09,0.19
cloudini,LOAM,quad_easy,0.001,0.10,0.23
cloudini,LOAM,colosseo,0.001,2.85,6.18
cloudini,LOAM,pincio,0.001,1.44,2.79
cloudini,LOAM,maths_easy,0.01,0.09,0.18
cloudini,LOAM,quad_easy,0.01,0.10,0.23
cloudini,LOAM,colosseo,0.01,3.01,6.09
cloudini,LOAM,pincio,0.01,1.40,2.75
cloudini,LOAM,maths_easy,0.1,0.10,0.19
cloudini,LOAM,quad_easy,0.1,0.10,0.25
cloudini,LOAM,colosseo,0.1,2.53,4.97
cloudini,LOAM,pincio,0.1,0.45,1.05
cloudini,LOAM,maths_easy,0.2,0.12,0.27
cloudini,LOAM,quad_easy,0.2,0.11,0.28
cloudini,LOAM,colosseo,0.2,3.76,7.70
cloudini,LOAM,pincio,0.2,0.51,1.08
cloudini,LOAM,maths_easy,0.5,1.05,3.26
cloudini,LOAM,quad_easy,0.5,4.42,10.05
cloudini,LOAM,colosseo,0.5,140.04,325.42
cloudini,LOAM,pincio,0.5,28.11,76.13
cloudini,LOAM,underground_easy,NA,0.16,1.00
cloudini,LOAM,cloister,NA,0.12,0.33
cloudini,LOAM,campus,NA,1.62,4.50
cloudini,LOAM,spagna,NA,1.10,2.11
cloudini,LOAM,underground_easy,0.001,0.16,1.00
cloudini,LOAM,cloister,0.001,0.12,0.33
cloudini,LOAM,campus,0.001,1.72,4.77
cloudini,LOAM,spagna,0.001,1.03,2.06
cloudini,LOAM,underground_easy,0.01,0.16,1.00
cloudini,LOAM,cloister,0.01,0.12,0.33
cloudini,LOAM,campus,0.01,1.58,4.25
cloudini,LOAM,spagna,0.01,1.10,2.15
cloudini,LOAM,underground_easy,0.1,0.17,1.00
cloudini,LOAM,cloister,0.1,0.13,0.33
cloudini,LOAM,campus,0.1,1.15,2.74
cloudini,LOAM,spagna,0.1,1.17,2.34
cloudini,LOAM,underground_easy,0.2,0.18,0.99
cloudini,LOAM,cloister,0.2,0.22,0.84
cloudini,LOAM,campus,0.2,1.11,2.43
cloudini,LOAM,spagna,0.2,1.13,2.44
cloudini,LOAM,underground_easy,0.5,2.09,8.28
cloudini,LOAM,cloister,0.5,18.03,31.03
cloudini,LOAM,campus,0.5,103.17,300.66
cloudini,LOAM,spagna,0.5,33.17,107.66
cloudini,LOAM,stairs,NA,0.42,0.79
cloudini,LOAM,park,NA,5.75,18.30
cloudini,LOAM,diag,NA,0.61,1.66
cloudini,LOAM,ciampino,NA,5.92,16.33
cloudini,LOAM,stairs,0.001,0.42,0.71
cloudini,LOAM,park,0.001,1.95,4.61
cloudini,LOAM,diag,0.001,0.41,1.26
cloudini,LOAM,ciampino,0.001,5.90,16.35
cloudini,LOAM,stairs,0.01,0.45,0.84
cloudini,LOAM,park,0.01,0.67,1.84
cloudini,LOAM,diag,0.01,0.35,1.05
cloudini,LOAM,ciampino,0.01,5.88,16.40
cloudini,LOAM,stairs,0.1,2.02,3.75
cloudini,LOAM,park,0.1,17.34,45.72
cloudini,LOAM,diag,0.1,0.87,2.38
cloudini,LOAM,ciampino,0.1,8.48,28.10
cloudini,LOAM,stairs,0.2,2.24,3.88
cloudini,LOAM,park,0.2,23.82,93.14
cloudini,LOAM,diag,0.2,0.99,2.91
cloudini,LOAM,ciampino,0.2,15.89,35.09
cloudini,LOAM,stairs,0.5,3.31,8.20
cloudini,LOAM,park,0.5,58.74,147.00
cloudini,LOAM,diag,0.5,18.38,30.84
cloudini,LOAM,ciampino,0.5,584.60,1586.31
draco,LOAM,maths_easy,NA,0.09,0.19
draco,LOAM,quad_easy,NA,0.10,0.22
draco,LOAM,colosseo,NA,2.81,6.23
draco,LOAM,pincio,NA,1.32,2.61
draco,LOAM,maths_easy_ros2,14,0.09,0.19
draco,LOAM,quad_easy_ros2,14,0.10,0.22
draco,LOAM,colosseo,14,1.90,4.05
draco,LOAM,pincio,14,0.36,0.96
draco,LOAM,maths_easy_ros2,12,0.09,0.19
draco,LOAM,quad_easy_ros2,12,0.10,0.22
draco,LOAM,colosseo,12,2.30,4.42
draco,LOAM,pincio,12,0.36,0.98
draco,LOAM,maths_easy_ros2,10,0.10,0.19
draco,LOAM,quad_easy_ros2,10,0.10,0.26
draco,LOAM,colosseo,10,2.25,5.11
draco,LOAM,pincio,10,0.37,0.87
draco,LOAM,maths_easy_ros2,8,0.14,0.32
draco,LOAM,quad_easy_ros2,8,0.11,0.27
draco,LOAM,colosseo,8,14.67,34.99
draco,LOAM,pincio,8,0.75,4.87
draco,LOAM,maths_easy_ros2,6,15.86,33.80
draco,LOAM,quad_easy_ros2,6,29.70,48.16
draco,LOAM,colosseo,6,133.98,187.65
draco,LOAM,pincio,6,65.27,132.25
draco,LOAM,underground_easy,NA,0.16,1.00
draco,LOAM,cloister,NA,0.12,0.33
draco,LOAM,campus,NA,1.62,4.50
draco,LOAM,spagna,NA,1.10,2.11
draco,LOAM,underground_easy,14,0.16,1.00
draco,LOAM,cloister_ros2,14,0.19,0.51
draco,LOAM,campus,14,1.45,4.18
draco,LOAM,spagna,14,0.92,1.82
draco,LOAM,underground_easy,12,0.16,0.99
draco,LOAM,cloister_ros2,12,0.19,0.46
draco,LOAM,campus,12,1.70,4.86
draco,LOAM,spagna,12,0.89,1.79
draco,LOAM,underground_easy,10,0.16,1.00
draco,LOAM,cloister_ros2,10,0.14,0.41
draco,LOAM,campus,10,1.46,3.93
draco,LOAM,spagna,10,0.68,1.49
draco,LOAM,underground_easy,8,0.16,1.00
draco,LOAM,cloister_ros2,8,0.16,0.44
draco,LOAM,campus,8,36.85,104.64
draco,LOAM,spagna,8,1.86,5.30
draco,LOAM,underground_easy,6,0.59,2.26
draco,LOAM,cloister_ros2,6,29.26,52.23
draco,LOAM,campus,6,220.46,474.62
draco,LOAM,spagna,6,60.20,152.13
draco,LOAM,stairs,NA,0.42,0.79
draco,LOAM,park,NA,5.75,18.30
draco,LOAM,diag,NA,0.61,1.66
draco,LOAM,ciampino,NA,5.92,16.33
draco,LOAM,stairs_ros2,14,0.34,0.71
draco,LOAM,park_ros2,14,8.59,29.29
draco,LOAM,diag,14,0.54,1.36
draco,LOAM,ciampino,14,6.04,16.01
draco,LOAM,stairs_ros2,12,0.30,0.73
draco,LOAM,park_ros2,12,6.85,25.36
draco,LOAM,diag,12,0.35,1.15
draco,LOAM,ciampino,12,7.02,17.72
draco,LOAM,stairs_ros2,10,0.31,0.62
draco,LOAM,park_ros2,10,9.92,35.09
draco,LOAM,diag,10,0.77,1.69
draco,LOAM,ciampino,10,10.67,27.77
draco,LOAM,stairs_ros2,8,0.40,0.80
draco,LOAM,park_ros2,8,39.93,165.08
draco,LOAM,diag,8,3.25,7.83
draco,LOAM,ciampino,8,276.16,584.63
draco,LOAM,stairs_ros2,6,2.46,7.41
draco,LOAM,park_ros2,6,117.68,212.52
draco,LOAM,diag,6,52.24,125.68
draco,LOAM,ciampino,6,493.24,1069.93
