data_sequence,method,byte_size,encode_speed,decode_speed,quantization_precision,gigabyte_size
quad_easy,draco,3178057342,10,10,12.0,
underground_mine,cloudini,2457050904,,,0.1,2.3
Colosseo,cloudini,28546309671,,,0.001,
cloister,draco,3869813952,3,3,14.0,3.6
quad_easy,cloudini,3842502095,,,0.001,
stairs,draco,1615157956,0,0,16.0,1.5
Campus,draco,9552335394,10,10,6.0,
stairs,draco,1829479576,3,0,20.0,1.7
maths_institute,draco,4365303836,9,3,20.0,
cloister,draco,4957695480,0,6,16.0,4.6
Pincio,draco,29663964860,10,10,10.0,
stairs,draco,2091327408,3,9,16.0,2.0
maths_institute,draco,3985163396,9,9,18.0,
Spagna,draco,35245187720,10,10,6.0,
Campus,cloudini,9308515399,,,0.5,
maths_institute,draco,3575436088,6,3,16.0,
underground_mine,cloudini,2392359048,,,0.4,2.2
stairs,draco,2654520880,9,0,20.0,2.5
maths_institute,draco,3170441468,10,10,9.0,3.0
stairs,draco,1397753260,3,0,12.0,1.3
park,draco,23303375900,10,10,6.0,21.7
stairs,draco,1689801728,9,0,12.0,1.6
cloister,draco,4418866988,10,10,12.0,
cloister,cloudini,4697483700,,,0.5,
underground_mine,draco,2059052580,3,3,14.0,1.9
maths_institute,draco,4365303836,9,0,20.0,
maths_institute,draco,2796429560,3,3,16.0,
cloister,draco,4418866988,9,3,12.0,4.1
cloister,draco,5502160384,6,0,18.0,5.1
stairs,draco,1829479576,3,3,20.0,1.7
underground_mine,draco,2306068904,10,10,12.0,
stairs,draco,1397753260,0,3,12.0,1.3
stairs,draco,1723580696,0,0,18.0,1.6
underground_mine,draco,3006153248,6,9,18.0,2.8
stairs,draco,2091327408,6,9,16.0,2.0
underground_mine,draco,2306068904,9,3,12.0,2.2
DIAG,cloudini,31676179597,,,0.01,
cloister,draco,3619824816,3,3,12.0,3.4
stairs,draco,2654520880,9,9,20.0,2.5
stairs,cloudini,2050013858,,,0.001,
cloister,draco,5048870492,0,9,16.0,4.7
cloister,draco,4372371276,3,0,18.0,4.1
park,draco,23309508528,10,10,8.0,21.7
stairs,draco,1856494360,9,0,14.0,1.7
stairs,draco,2620009980,0,6,20.0,2.4
maths_institute,cloudini,3644589500,,,0.3,3.4
cloister,draco,4372371276,3,3,18.0,4.1
maths_institute,draco,3985163396,9,0,18.0,
maths_institute,draco,3910778672,6,3,18.0,
quad_easy,cloudini,3493667195,,,0.1,2.2
cloister,draco,4560253196,6,6,14.0,4.3
Campus,draco,9573501114,10,10,10.0,
cloister,draco,4957695480,6,0,16.0,4.6
quad_easy,draco,3127237666,10,10,9.0,2.9
underground_mine,draco,2253407780,6,6,12.0,2.1
maths_institute,cloudini,3675694864,,,0.2,3.4
stairs,draco,1723580696,3,3,18.0,1.6
underground_mine,draco,3334737900,9,9,20.0,3.1
stairs,cloudini,1815314434,,,0.6,1.7
cloister,draco,6137414384,6,6,20.0,5.7
stairs,draco,1506243448,3,3,14.0,1.4
Spagna,draco,35477592804,10,10,10.0,
Spagna,draco,37695952448,10,10,14.0,
stairs,draco,1689801728,9,6,12.0,1.6
Colosseo,draco,22010438274,10,10,12.0,
stairs,draco,1723580696,3,0,18.0,1.6
cloister,draco,6222531168,6,9,20.0,5.8
underground_mine,draco,2306068904,9,6,12.0,2.2
stairs,draco,1525494516,10,10,6.0,1.4
Colosseo,cloudini,25829727887,,,0.5,
underground_mine,draco,2697176524,0,9,16.0,2.5
stairs,draco,1506243448,3,0,14.0,1.4
stairs,draco,1809190320,6,3,14.0,1.7
underground_mine,draco,2192356600,0,0,16.0,2.0
DIAG,draco,26584880282,10,10,6.0,
underground_mine,draco,3006153248,3,9,18.0,2.8
underground_mine,draco,3006153248,0,9,18.0,2.8
Colosseo,uncompressed,67076372235,,,,
cloister,draco,3869813952,0,3,14,3.6
underground_mine,draco,2697176524,9,9,16,2.5
quad_easy,cloudini,3354626055,,,0.8,2.2
Ciampino,cloudini,24099387333,,,0.5,
stairs,draco,2620009980,3,6,20,2.4
cloister,draco,5588947028,0,9,18,5.2
stairs,draco,1856494360,10,10,14,
stairs,draco,1506243448,0,0,14,1.4
cloister,draco,4312582484,6,3,12,4.0
quad_easy,draco,3299052754,10,10,14,
quad_easy,draco,3132408286,10,10,10,2.9
maths_institute,draco,4365303836,9,6,20,
cloister,draco,6137414384,6,0,20,5.7
quad_easy,cloudini,3396786491,,,0.4,2.3
maths_institute,draco,3418576528,6,9,14,
underground_mine,draco,2961161592,6,3,18,2.8
underground_mine,draco,2410122860,6,3,14,2.2
maths_institute,draco,2640028980,0,3,14,
cloister,draco,5588947028,9,3,18,5.2
stairs,draco,1639784952,6,6,12,1.5
cloister,cloudini,4979576004,,,0.01,
maths_institute,draco,4294576260,3,6,20,
park,cloudini,26940580574,,,0.1,25.1
quad_easy,raw_packets,3172199660,,,,3.0
maths_institute,draco,3262010796,0,9,12,
underground_mine,draco,3334737900,9,0,20,3.1
maths_institute,draco,4365303836,3,9,20,
stairs,draco,2091327408,9,3,16,2.0
cloister,cloudini,4849259860,,,0.1,4.5
underground_mine,draco,2059052580,3,0,14,1.9
cloister,draco,4312582484,6,0,12,4.0
Spagna,cloudini,45223705056,,,0.01,
cloister,draco,4665217692,6,9,14,4.4
cloister,draco,6222531168,0,9,20,5.8
underground_mine,draco,2697176524,9,0,16,2.5
stairs,draco,2046464400,3,6,16,1.9
maths_institute,draco,3656877248,3,9,16,
stairs,draco,2620009980,6,0,20,2.4
maths_institute,draco,4294576260,6,6,20,
underground_mine,draco,2453055916,3,3,20,2.3
Campus,uncompressed,22891490959,,,,
stairs,draco,1856494360,9,9,14,1.7
cloister,draco,3869813952,0,0,14,3.6
maths_institute,draco,4365303836,0,9,20,
maths_institute,draco,2796429560,3,0,16,
cloister,cloudini,4677046012,,,0.6,4.4
Colosseo,cloudini,27968827143,,,0.01,
cloister,draco,5502160384,0,6,18,5.1
underground_mine,draco,3334737900,3,9,20,3.1
underground_mine,draco,2961161592,3,6,18,2.8
stairs,raw_packets,1896914230,,,,
underground_mine,draco,2192356600,0,3,16,2.0
stairs,draco,1397753260,0,0,12,1.3
Pincio,draco,29569881800,10,10,6,
cloister,draco,4957695480,6,3,16,4.6
cloister,draco,4276365008,10,10,9,4.0
stairs,cloudini,1843456390,,,0.3,1.7
underground_mine,draco,3006153248,9,6,18,2.8
stairs,draco,2046464400,6,3,16,1.9
maths_institute,draco,4365303836,6,9,20,
DIAG,draco,26840071238,10,10,10,
Ciampino,cloudini,24597365517,,,0.2,
stairs,draco,2331260700,3,6,18,2.2
stairs,draco,1809190320,3,6,14,1.7
underground_mine,draco,2324557832,3,0,18,2.2
underground_mine,raw_packets,2251561430,,,,
maths_institute,draco,3985163396,3,9,18,
maths_institute,draco,3174103348,0,6,12,
underground_mine,draco,2648470272,6,6,16,2.5
maths_institute,draco,3174103348,6,0,12,
Ciampino,draco,25122177574,10,10,12,
maths_institute,draco,3575436088,3,6,16,
stairs,draco,2046464400,0,6,16,1.9
cloister,cloudini,4724143400,,,0.4,4.4
stairs,draco,2654520880,9,3,20,2.5
maths_institute,draco,2952693764,0,3,18,
cloister,draco,5588947028,9,6,18,5.2
maths_institute,draco,4294576260,0,6,20,
cloister,draco,5502160384,6,6,18,5.1
underground_mine,draco,2203978848,10,10,9,2.1
cloister,draco,4121511892,3,0,16,3.8
cloister,draco,4618507360,0,3,20,4.3
maths_institute,draco,3418576528,0,9,14,
underground_mine,draco,2961161592,6,6,18,2.8
cloister,draco,6137414384,0,6,20,5.7
maths_institute,draco,3106625776,0,0,20,
maths_institute,cloudini,3860211544,,,0.01,
cloister,draco,6222531168,9,9,20,5.8
stairs,draco,2331260700,6,0,18,2.2
underground_mine,draco,2195803992,10,10,8,2.0
underground_mine,cloudini,2367981968,,,0.6,2.2
underground_mine,cloudini,2656586524,,,0.001,
maths_institute,draco,3418576528,9,0,14,
underground_mine,draco,2697176524,9,3,16,2.5
stairs,draco,2331260700,6,6,18,2.2
underground_mine,draco,2253407780,6,3,12,2.1
maths_institute,draco,3183734792,10,10,10,3.0
Spagna,cloudini,41514314340,,,0.5,
Colosseo,draco,22683147630,10,10,14,
underground_mine,draco,2648470272,0,6,16,2.5
Ciampino,cloudini,26274598077,,,0.01,
underground_mine,draco,2463703764,0,9,14,2.3
stairs,draco,2371516800,9,9,18,2.2
maths_institute,draco,2640028980,3,3,14,
Ciampino,uncompressed,58896690805,,,,
underground_mine,cloudini,2378719716,,,0.5,
maths_institute,draco,3106625776,3,3,20,
underground_mine,draco,2253407780,0,6,12,2.1
underground_mine,draco,2648470272,3,6,16,2.5
cloister,draco,3619824816,3,0,12,3.4
stairs,draco,2654520880,9,6,20,2.5
maths_institute,draco,3262010796,9,0,12,
cloister,draco,5048870492,6,9,16,4.7
underground_mine,draco,2648470272,6,3,16,2.5
underground_mine,draco,2191394388,10,10,7,2.0
stairs,draco,1588857144,10,10,10,1.5
underground_mine,draco,2453055916,0,3,20,2.3
maths_institute,draco,3910778672,6,0,18,
quad_easy,cloudini,3418191939,,,0.3,2.3
stairs,cloudini,1895422522,,,0.1,1.8
maths_institute,draco,3330458312,3,6,14,
underground_mine,draco,2463703764,9,0,14,2.3
cloister,draco,6137414384,3,6,20,5.7
underground_mine,draco,2059052580,0,3,14,1.9
maths_institute,cloudini,3597373568,,,0.6,3.4
maths_institute,draco,3330458312,6,6,14,
cloister,draco,5502160384,6,3,18,5.1
cloister,draco,5588947028,6,9,18,5.2
maths_institute,draco,3656877248,9,9,16,
underground_mine,draco,2410122860,0,6,14,2.2
maths_institute,draco,3575436088,6,0,16,
cloister,draco,4121511892,0,3,16,3.8
maths_institute,draco,3262010796,9,9,12,
underground_mine,draco,1926032108,0,0,12,1.8
Spagna,draco,36154107748,10,10,12,
cloister,draco,6222531168,9,6,20,5.8
maths_institute,draco,3262010796,6,9,12,
Ciampino,cloudini,24978127189,,,0.1,
maths_institute,draco,3262010796,3,9,12,
maths_institute,draco,3174103348,6,3,12,
stairs,cloudini,1865555198,,,0.2,1.7
underground_mine,draco,2453055916,3,0,20,2.3
underground_mine,draco,3006153248,9,3,18,2.8
underground_mine,draco,3006153248,9,0,18,2.8
Ciampino,draco,26040467346,10,10,14,
cloister,cloudini,4646942188,,,0.8,4.3
underground_mine,draco,2059052580,0,0,14,1.9
cloister,draco,4266335792,10,10,7,4.0
stairs,cloudini,1808345302,,,0.8,1.7
maths_institute,raw_packets,3443091345,,,,
stairs,draco,2331260700,0,6,18,2.2
cloister,draco,4560253196,6,3,14,4.3
quad_easy,uncompressed,12526824475,,,,
stairs,draco,1529681728,10,10,7,1.4
cloister,draco,6137414384,6,3,20,5.7
stairs,draco,1689801728,6,9,12,1.6
maths_institute,draco,3985163396,0,9,18,
park,draco,23404065792,10,10,10,21.8
cloister,draco,4418866988,9,0,12,4.1
maths_institute,draco,2796429560,0,3,16,
stairs,draco,2371516800,6,9,18,2.2
cloister,cloudini,4757115220,,,0.3,4.4
cloister,draco,4560253196,3,6,14,4.3
underground_mine,draco,2463703764,9,6,14,2.3
cloister,draco,3619824816,0,3,12,3.4
underground_mine,draco,2253407780,6,0,12,2.1
stairs,draco,1397753260,3,3,12,1.3
stairs,draco,1689801728,3,9,12,1.6
maths_institute,draco,3418576528,3,9,14,
Ciampino,draco,24750594086,10,10,6,
stairs,draco,2654520880,0,9,20,2.5
stairs,draco,1809190320,0,6,14,1.7
quad_easy,cloudini,3449910499,,,0.2,999.7
underground_mine,draco,1926032108,0,3,12,1.8
maths_institute,draco,2952693764,3,0,18,
stairs,draco,1615157956,3,0,16,1.5
park,uncompressed,98918500450,,,,
cloister,draco,4312582484,6,6,12,4.0
stairs,draco,2371516800,9,3,18,2.2
Colosseo,draco,21673349010,10,10,6,
Campus,cloudini,9511991507,,,0.2,
maths_institute,draco,3330458312,6,3,14,
maths_institute,draco,3165096216,10,10,7,3.0
cloister,draco,5048870492,9,3,16,4.7
stairs,draco,2620009980,6,3,20,2.4
maths_institute,draco,3418576528,10,10,14,
stairs,draco,1723580696,0,3,18,1.6
Spagna,cloudini,41958102432,,,0.2,
cloister,draco,3619824816,0,0,12,3.4
stairs,draco,1856494360,0,9,14,1.7
underground_mine,draco,3334737900,0,9,20,3.1
maths_institute,draco,3213153556,10,10,11,3.0
stairs,draco,2371516800,9,6,18,2.2
stairs,cloudini,1829998930,,,0.4,1.7
DIAG,cloudini,29250191625,,,0.5,
Pincio,uncompressed,84721647080,,,,
stairs,cloudini,1955167626,,,0.01,
underground_mine,draco,1926032108,3,3,12,1.8
stairs,draco,2654520880,3,9,20,2.5
cloister,draco,5588947028,9,9,18,5.2
cloister,draco,4268565668,10,10,8,4.0
cloister,draco,4665217692,9,3,14,4.4
cloister,raw_packets,4443375765,,,,
maths_institute,draco,3910778672,0,6,18,
maths_institute,draco,2796429560,0,0,16,
maths_institute,draco,4294576260,6,3,20,
cloister,draco,4121511892,0,0,16,3.8
Pincio,draco,29576815300,10,10,8,
cloister,draco,4665217692,9,0,14,4.4
maths_institute,draco,3174103348,3,6,12,
maths_institute,draco,2484387296,0,3,12,
Colosseo,draco,21750601670,10,10,10,
maths_institute,draco,3106625776,0,3,20,
cloister,cloudini,4800823136,,,0.2,4.5
cloister,draco,5048870492,9,6,16,4.7
underground_mine,draco,2254504332,10,10,11,2.1
underground_mine,draco,2410122860,3,6,14,2.2
Spagna,cloudini,42540207972,,,0.1,
underground_mine,draco,2648470272,6,0,16,2.5
maths_institute,draco,3985163396,6,9,18,
cloister,draco,4418866988,3,9,12,4.1
cloister,draco,5588947028,3,9,18,5.2
maths_institute,cloudini,3582529848,,,0.8,3.3
Spagna,uncompressed,107528982080,,,,
cloister,draco,4265805704,10,10,6,4.0
Ciampino,draco,24797923298,10,10,10,
maths_institute,draco,2640028980,3,0,14,
underground_mine,cloudini,2409220632,,,0.3,2.2
underground_mine,draco,3296974424,0,6,20,3.1
maths_institute,draco,3418576528,9,6,14,
cloister,draco,4121511892,3,3,16,3.8
underground_mine,uncompressed,8883915700,,,,
underground_mine,draco,2463703764,6,9,14,2.3
maths_institute,draco,3910778672,3,6,18,
cloister,draco,4312582484,3,6,12,4.0
Campus,draco,9702617490,10,10,12,
stairs,draco,1639784952,3,6,12,1.5
underground_mine,draco,3334737900,9,6,20,3.1
Colosseo,draco,21680066826,10,10,8,
Pincio,draco,30000681284,10,10,12,
underground_mine,draco,2453055916,0,0,20,2.3
underground_mine,draco,2697176524,3,9,16,2.5
Pincio,cloudini,35417787480,,,0.01,
underground_mine,draco,3296974424,6,3,20,3.1
maths_institute,draco,2640028980,0,0,14,
cloister,draco,4665217692,0,9,14,4.4
Campus,draco,10054145602,10,10,14,
underground_mine,draco,2253407780,3,6,12,2.1
maths_institute,draco,3418576528,9,3,14,
stairs,draco,2091327408,9,9,16,2.0
stairs,draco,2091327408,9,6,16,2.0
Spagna,cloudini,46403577044,,,0.001,
underground_mine,draco,2410122860,6,6,14,2.2
stairs,draco,1689801728,9,9,12,1.6
quad_easy,draco,3125980514,10,10,8,2.9
underground_mine,draco,2961161592,6,0,18,2.8
maths_institute,draco,3174103348,6,6,12,
cloister,draco,4957695480,3,6,16,4.6
underground_mine,draco,3334737900,6,9,20,3.1
Colosseo,cloudini,26376482167,,,0.1,
cloister,draco,4618507360,0,0,20,4.3
cloister,draco,4560253196,0,6,14,4.3
underground_mine,cloudini,2431806492,,,0.2,2.3
quad_easy,cloudini,3368795635,,,0.6,2.2
DIAG,uncompressed,76275330685,,,,
cloister,draco,5048870492,3,9,16,4.7
quad_easy,draco,3125821050,10,10,7,2.9
underground_mine,draco,1926032108,3,0,12,1.8
maths_institute,draco,3656877248,9,3,16,
maths_institute,draco,3262010796,10,10,12,
maths_institute,cloudini,3608090608,,,0.5,
stairs,draco,1639784952,0,6,12,1.5
maths_institute,draco,3910778672,6,6,18,
maths_institute,draco,3985163396,9,6,18,
stairs,draco,1856494360,9,6,14,1.7
maths_institute,draco,4294576260,6,0,20,
cloister,draco,4343748180,10,10,11,4.1
stairs,draco,1689801728,10,10,12,
cloister,draco,4665217692,9,6,14,4.4
underground_mine,draco,2324557832,0,0,18,2.2
underground_mine,draco,2410122860,6,0,14,2.2
stairs,draco,1639784952,6,0,12,1.5
underground_mine,cloudini,2351975564,,,0.8,2.2
underground_mine,draco,2306068904,3,9,12,2.2
underground_mine,draco,2192356600,3,0,16,2.0
maths_institute,draco,3656877248,9,6,16,
park,cloudini,28055277926,,,0.01,
underground_mine,draco,2324557832,0,3,18,2.2
underground_mine,draco,2463703764,3,9,14,2.3
stairs,draco,2371516800,0,9,18,2.2
park,cloudini,26618529186,,,0.2,24.8
underground_mine,draco,2306068904,9,0,12,2.2
underground_mine,draco,2697176524,9,6,16,2.5
park,draco,23867104184,10,10,12,
maths_institute,draco,2952693764,3,3,18,
stairs,draco,1689801728,9,3,12,1.6
cloister,draco,5588947028,9,0,18,5.2
underground_mine,draco,3296974424,3,6,20,3.1
Pincio,cloudini,33428060192,,,0.1,
DIAG,draco,28967586510,10,10,14,
cloister,draco,4298244352,10,10,10,4.0
maths_institute,draco,3262010796,9,3,12,
underground_mine,draco,3296974424,6,0,20,3.1
underground_mine,draco,3334737900,9,3,20,3.1
stairs,draco,1559473360,10,10,9,1.5
cloister,draco,4618507360,3,3,20,4.3
DIAG,cloudini,30180657669,,,0.1,
stairs,draco,1829479576,0,3,20,1.7
maths_institute,cloudini,3623757100,,,0.4,3.4
Campus,cloudini,9670856743,,,0.1,
cloister,draco,4312582484,0,6,12,4.0
Pincio,cloudini,36209826168,,,0.001,
stairs,draco,1631601144,10,10,11,1.5
stairs,draco,1506243448,0,3,14,1.4
stairs,draco,1540786372,10,10,8,1.4
cloister,draco,4372371276,0,3,18,4.1
Ciampino,cloudini,28469449869,,,0.001,
underground_mine,draco,2221465936,10,10,10,2.1
underground_mine,draco,2306068904,6,9,12,2.2
stairs,cloudini,1820910082,,,0.5,
stairs,uncompressed,7487152750,,,,
cloister,cloudini,5274888252,,,0.001,
maths_institute,draco,3985163396,9,3,18,
stairs,draco,1689801728,0,9,12,1.6
stairs,draco,1639784952,6,3,12,1.5
stairs,draco,1856494360,6,9,14,1.7
maths_institute,cloudini,4086275272,,,0.001,
cloister,draco,4665217692,9,9,14,4.4
DIAG,draco,26617915038,10,10,8,
underground_mine,draco,3296974424,6,6,20,3.1
cloister,draco,4372371276,0,0,18,4.1
stairs,draco,2046464400,6,6,16,1.9
underground_mine,cloudini,2517914200,,,0.01,
maths_institute,draco,3106625776,3,0,20,
cloister,uncompressed,17541329300,,,,
stairs,draco,2331260700,6,3,18,2.2
Pincio,cloudini,32923765220,,,0.2,
quad_easy,draco,3147277622,10,10,11,2.9
cloister,draco,5502160384,3,6,18,5.1
park,cloudini,29741233846,,,0.001,
Campus,cloudini,11034365747,,,0.001,
cloister,draco,6222531168,3,9,20,5.8
underground_mine,draco,3006153248,9,9,18,2.8
park,draco,24930498628,10,10,14,
cloister,draco,4665217692,10,10,14,
cloister,draco,4418866988,9,6,12,4.1
stairs,draco,2091327408,0,9,16,2.0
Campus,cloudini,10153246387,,,0.01,
cloister,draco,6222531168,9,0,20,5.8
underground_mine,draco,2463703764,10,10,14,
cloister,draco,4665217692,3,9,14,4.4
underground_mine,draco,2697176524,6,9,16,2.5
maths_institute,draco,4365303836,9,9,20,
quad_easy,draco,3125809654,10,10,6,2.9
maths_institute,draco,2484387296,3,3,12,
cloister,draco,4560253196,6,0,14,4.3
quad_easy,cloudini,3381459151,,,0.5,
maths_institute,draco,2952693764,0,0,18,
park,cloudini,26133438518,,,0.5,
Pincio,draco,30858106496,10,10,14,
cloister,draco,4618507360,3,0,20,4.3
stairs,draco,1615157956,3,3,16,1.5
stairs,draco,1829479576,0,0,20,1.7
stairs,draco,1856494360,3,9,14,1.7
maths_institute,draco,3418576528,9,9,14,
cloister,draco,4418866988,9,9,12,4.1
stairs,draco,2046464400,6,0,16,1.9
Spagna,draco,35266522340,10,10,8,
maths_institute,draco,3164954616,10,10,6,3.0
maths_institute,draco,2484387296,3,0,12,
underground_mine,draco,2463703764,9,9,14,2.3
DIAG,cloudini,29685848049,,,0.2,
underground_mine,draco,2192356600,3,3,16,2.0
underground_mine,draco,2306068904,9,9,12,2.2
underground_mine,draco,2961161592,0,6,18,2.8
maths_institute,draco,3262010796,9,6,12,
maths_institute,draco,3656877248,6,9,16,
underground_mine,draco,2189688552,10,10,6,2.0
maths_institute,draco,2484387296,0,0,12,
cloister,draco,5048870492,9,9,16,4.7
stairs,draco,1615157956,0,3,16,1.5
Colosseo,cloudini,26037993371,,,0.2,
maths_institute,draco,3330458312,6,0,14,
DIAG,cloudini,32650949513,,,0.001,
cloister,draco,4418866988,0,9,12,4.1
cloister,draco,4418866988,6,9,12,4.1
maths_institute,draco,3656877248,0,9,16,
maths_institute,draco,3330458312,0,6,14,
maths_institute,cloudini,3718506612,,,0.1,3.5
stairs,draco,2371516800,9,0,18,2.2
stairs,draco,2371516800,3,9,18,2.2
DIAG,draco,27517378082,10,10,12,
Ciampino,draco,24751893750,10,10,8,
maths_institute,draco,3575436088,0,6,16,
cloister,draco,6222531168,9,3,20,5.8
stairs,draco,1856494360,9,3,14,1.7
quad_easy,cloudini,3618915007,,,0.01,
quad_easy,cloudini,3449910499,,,0.2,999.7
maths_institute,draco,3166077676,10,10,8,3.0
underground_mine,draco,2324557832,3,3,18,2.2
quad_easy,raw_packets,3172199660,,,,3.0
stairs,draco,2620009980,6,6,20,2.4
maths_institute,uncompressed,13590126000,,,,
stairs,draco,1809190320,6,6,14,1.7
cloister,draco,4957695480,6,6,16,4.6
cloister,draco,5048870492,9,0,16,4.7
maths_institute,draco,3656877248,9,0,16,
Pincio,cloudini,32620592168,,,0.5,
Campus,draco,9552981246,10,10,8,
maths_institute,uncompressed,13590126000,,,,
underground_mine,draco,2463703764,9,3,14,2.3
underground_mine,draco,2306068904,0,9,12,2.2
quad_easy,cloudini,3493667195,,,0.1,2.2
maths_institute,draco,3575436088,6,6,16,
stairs,draco,1809190320,6,0,14,1.7
stairs,draco,2654520880,6,9,20,2.5
stairs,draco,2091327408,9,0,16,2.0
cloister,draco,3869813952,3,0,14,3.6
quad_easy,draco,,3,6,16,3.2
quad_easy,draco,,9,6,20,3.9
quad_easy,draco,,9,3,14,3.1
quad_easy,draco,,3,9,18,3.6
quad_easy,draco,,9,6,18,3.6
quad_easy,draco,,9,0,12,3.0
quad_easy,draco,,9,6,16,3.3
quad_easy,draco,,9,3,18,3.6
quad_easy,draco,,6,6,16,3.2
quad_easy,draco,,3,9,14,3.1
quad_easy,draco,,9,0,16,3.3
quad_easy,draco,,3,3,14,2.4
quad_easy,draco,,6,6,12,2.9
quad_easy,draco,,6,3,20,3.8
quad_easy,draco,,3,9,12,3.0
quad_easy,draco,,9,9,12,3.0
quad_easy,draco,,6,3,16,3.2
quad_easy,draco,,9,3,12,3.0
quad_easy,draco,,9,6,12,3.0
quad_easy,draco,,9,0,18,3.6
quad_easy,draco,,0,6,20,3.8
quad_easy,draco,,9,9,16,3.3
quad_easy,draco,,3,3,18,2.7
quad_easy,draco,,6,9,12,3.0
quad_easy,draco,,3,6,14,3.0
quad_easy,draco,,0,0,12,2.2
quad_easy,draco,,6,9,18,3.6
quad_easy,draco,,3,3,20,2.8
quad_easy,draco,,6,6,14,3.0
quad_easy,draco,,3,9,16,3.3
quad_easy,draco,,3,0,20,2.8
quad_easy,draco,,3,6,18,3.5
quad_easy,draco,,0,9,20,3.9
quad_easy,draco,,0,0,16,2.5
quad_easy,draco,,6,9,14,3.1
quad_easy,draco,,3,6,12,2.9
quad_easy,draco,,0,0,14,2.4
quad_easy,draco,,9,0,14,3.1
quad_easy,draco,,6,0,18,3.5
quad_easy,draco,,0,9,16,3.3
quad_easy,draco,,0,0,18,2.7
quad_easy,draco,,6,9,16,3.3
quad_easy,draco,,9,0,20,3.9
quad_easy,draco,,0,6,18,3.5
quad_easy,draco,,9,3,16,3.3
quad_easy,draco,,6,9,20,3.9
quad_easy,draco,,6,6,18,3.5
quad_easy,draco,,9,3,20,3.9
quad_easy,draco,,6,3,14,3.0
quad_easy,draco,,0,3,12,2.2
quad_easy,draco,,0,6,14,3.0
quad_easy,draco,,6,6,20,3.8
quad_easy,draco,,3,0,14,2.4
quad_easy,draco,,0,3,18,2.7
quad_easy,draco,,9,9,18,3.6
quad_easy,draco,,6,3,18,3.5
quad_easy,draco,,3,0,12,2.2
quad_easy,draco,,6,0,14,3.0
quad_easy,draco,,9,9,20,3.9
quad_easy,draco,,6,3,12,2.9
quad_easy,draco,,3,0,18,2.7
quad_easy,draco,,0,3,14,2.4
quad_easy,draco,,6,0,16,3.2
quad_easy,draco,,0,6,12,2.9
quad_easy,draco,,6,0,20,3.8
quad_easy,draco,,9,6,14,3.1
quad_easy,draco,,3,9,20,3.9
quad_easy,draco,,0,3,16,2.5
quad_easy,draco,,0,0,20,2.8
quad_easy,draco,,9,9,14,3.1
quad_easy,draco,,0,3,20,2.8
quad_easy,draco,,0,9,14,3.1
quad_easy,draco,,3,3,16,2.5
quad_easy,draco,,6,0,12,2.9
quad_easy,draco,,0,6,16,3.2
quad_easy,draco,,0,9,18,3.6
quad_easy,draco,,3,6,20,3.8
quad_easy,draco,,3,3,12,2.2
quad_easy,draco,,0,9,12,3.0
quad_easy,draco,,3,0,16,2.5
park,draco,,3,6,16,24.4
park,draco,,9,6,20,29.9
park,cloudini,,,,0.4,24.5
park,draco,,9,3,14,23.3
park,draco,,3,9,18,27.2
park,draco,,9,6,18,27.2
park,draco,,9,0,12,22.3
park,draco,,9,6,16,24.9
park,draco,,9,3,18,27.2
park,draco,,6,6,16,24.4
park,draco,,3,9,14,23.3
park,draco,,9,0,16,24.9
park,draco,,3,3,14,18.4
park,draco,,10,10,7,21.7
park,draco,,6,6,12,21.7
park,draco,,6,3,20,29.5
park,draco,,10,10,11,22.0
park,draco,,3,9,12,22.3
park,draco,,9,9,12,22.3
park,draco,,6,3,16,24.4
park,draco,,10,10,9,21.8
park,draco,,9,3,12,22.3
park,draco,,9,6,12,22.3
park,draco,,9,0,18,27.2
park,draco,,0,6,20,29.5
park,draco,,9,9,16,24.9
park,draco,,3,3,18,20.6
park,cloudini,,,,0.3,24.6
park,draco,,6,9,12,22.3
park,draco,,3,6,14,22.7
park,cloudini,,,,0.8,24.2
park,draco,,0,0,12,17.3
park,draco,,6,9,18,27.2
park,draco,,3,3,20,21.6
park,draco,,6,6,14,22.7
park,draco,,3,9,16,24.9
park,draco,,3,0,20,21.6
park,draco,,3,6,18,26.7
park,draco,,0,9,20,29.9
park,draco,,0,0,16,19.5
park,draco,,6,9,14,23.3
park,draco,,3,6,12,21.7
park,draco,,0,0,14,18.4
park,draco,,9,0,14,23.3
park,draco,,6,0,18,26.7
park,draco,,0,9,16,24.9
park,draco,,0,0,18,20.6
park,draco,,6,9,16,24.9
park,draco,,9,0,20,29.9
park,draco,,0,6,18,26.7
park,cloudini,,,,0.6,24.3
park,draco,,9,3,16,24.9
park,draco,,6,9,20,29.9
park,draco,,6,6,18,26.7
park,draco,,9,3,20,29.9
park,draco,,6,3,14,22.7
park,draco,,0,3,12,17.3
park,draco,,0,6,14,22.7
park,draco,,6,6,20,29.5
park,draco,,3,0,14,18.4
park,draco,,0,3,18,20.6
park,draco,,9,9,18,27.2
park,draco,,6,3,18,26.7
park,draco,,3,0,12,17.3
park,draco,,6,0,14,22.7
park,draco,,9,9,20,29.9
park,draco,,6,3,12,21.7
park,draco,,3,0,18,20.6
park,draco,,0,3,14,18.4
park,draco,,6,0,16,24.4
park,draco,,0,6,12,21.7
park,draco,,6,0,20,29.5
park,draco,,9,6,14,23.3
park,draco,,3,9,20,29.9
park,draco,,0,3,16,19.5
park,draco,,0,0,20,21.6
park,draco,,9,9,14,23.3
park,draco,,0,3,20,21.6
park,draco,,0,9,14,23.3
park,draco,,3,3,16,19.5
park,draco,,6,0,12,21.7
park,draco,,0,6,16,24.4
park,draco,,0,9,18,27.2
park,draco,,3,6,20,29.5
park,draco,,3,3,12,17.3
park,draco,,0,9,12,22.3
park,draco,,3,0,16,19.5
